<?xml version="1.0" encoding="utf-8"?>
<dleplugin>
	<name>MyStatus - Статус сериалов</name>
	<description>Выводит статус сериалов</description>
	<icon>engine/skins/images/myserials.png</icon>
	<version>1.0.2.2</version>
	<dleversion>13</dleversion>
	<versioncompare>greater</versioncompare>
	<upgradeurl></upgradeurl>
	<filedelete>1</filedelete>
	<mysqlinstall><![CDATA[INSERT INTO {prefix}_admin_sections (name, title, descr, icon, allow_groups) VALUES ('mystatus', 'Статус сериалов', 'Выводит и обновляет статусы сериалов', 'mystatus.png', '1,2');
ALTER TABLE {prefix}_post ADD myshowsid INT(11) NOT NULL;]]></mysqlinstall>
	<mysqlupgrade><![CDATA[]]></mysqlupgrade>
	<mysqlenable><![CDATA[INSERT INTO {prefix}_admin_sections (name, title, descr, icon, allow_groups) VALUES ('mystatus', 'Статус сериалов', 'Выводит и обновляет статусы сериалов', 'mystatus.png', '1,2');]]></mysqlenable>
	<mysqldisable><![CDATA[DELETE FROM {prefix}_admin_sections WHERE name = 'mystatus';]]></mysqldisable>
	<mysqldelete><![CDATA[DELETE FROM {prefix}_admin_sections WHERE name = 'mystatus';
ALTER TABLE {prefix}_post DROP myshowsid;]]></mysqldelete>
	<file name="engine/inc/addnews.php">
		<operation action="after">
			<searchcode><![CDATA[							 <div class="form-group">
							  <label class="control-label col-sm-2">{$lang['addnews_cat']}</label>
							  <div class="col-sm-10">
								<select data-placeholder="{$lang['addnews_cat_sel']}" title="{$lang['addnews_cat_sel']}" name="category[]" id="category" onchange="onCategoryChange(this)" $category_multiple style="width:100%;max-width:350px;">{$categories_list}</select>
							  </div>
							</div>]]></searchcode>
			<replacecode><![CDATA[	
                            <div class="form-group">
							  <label class="control-label col-md-2">MyShows ID</label>
							  <div class="col-md-10">
								<input type="text" name="myshows" size="20" >
							  </div>
							</div>]]></replacecode>
			<searchcount>1</searchcount>
		</operation>
		<operation action="after">
			<searchcode><![CDATA[$disable_index = isset( $_POST['disable_index'] ) ? intval( $_POST['disable_index'] ) : 0;]]></searchcode>
			<replacecode><![CDATA[$myshowsid = intval($_POST['myshows']);]]></replacecode>
			<searchcount>1</searchcount>
		</operation>
		<operation action="replace">
			<searchcode><![CDATA[tags, metatitle]]></searchcode>
			<replacecode><![CDATA[tags, metatitle, myshowsid]]></replacecode>
			<searchcount>1</searchcount>
		</operation>
		<operation action="replace">
			<searchcode><![CDATA['{$_POST['tags']}', '{$metatags['title']}']]></searchcode>
			<replacecode><![CDATA['{$_POST['tags']}', '{$metatags['title']}', '$myshowsid']]></replacecode>
			<searchcount>1</searchcount>
		</operation>
	</file>
	<file name="engine/inc/editnews.php">
		<operation action="after">
			<searchcode><![CDATA[							<div class="form-group">
							  <label class="control-label col-sm-2">{$lang['edit_cat']}</label>
							  <div class="col-sm-10">
								<select data-placeholder="{$lang['addnews_cat_sel']}" name="category[]" id="category" onchange="onCategoryChange(this)" {$category_multiple} style="width:100%;max-width:350px;">{$categories_list}</select>
							  </div>
							 </div>]]></searchcode>
			<replacecode><![CDATA[							<div class="form-group">
							  <label class="control-label col-md-2">MyShows ID</label>
							  <div class="col-md-10">
								<input type="text" name="myshows" size="20" value="{$row['myshowsid']}">
							  </div>
							 </div>]]></replacecode>
			<searchcount>1</searchcount>
		</operation>
		<operation action="after">
			<searchcode><![CDATA[$disable_index = isset( $_POST['disable_index'] ) ? intval( $_POST['disable_index'] ) : 0;]]></searchcode>
			<replacecode><![CDATA[$myshowsid = intval($_POST['myshows']);]]></replacecode>
			<searchcount>1</searchcount>
		</operation>
		<operation action="replace">
			<searchcode><![CDATA[metatitle='{$metatags['title']}']]></searchcode>
			<replacecode><![CDATA[metatitle='{$metatags['title']}', myshowsid='{$myshowsid}']]></replacecode>
			<searchcount>1</searchcount>
		</operation>
	</file>
	<file name="engine/modules/show.full.php">
		<operation action="after">
			<searchcode><![CDATA[if ($row['metatitle']) $metatags['header_title'] = $row['metatitle'];]]></searchcode>
			<replacecode><![CDATA[						include ENGINE_DIR . "/data/mystatus.php";
						$xfieldsdata = xfieldsdataload( $row['xfields'] );

						$tpl->set("{myshows}", $row['myshowsid']);
						
						//Определяем статус и выводим его
						$xfieldsdata[$mystatus_cfg['xfield']] = trim( $xfieldsdata[$mystatus_cfg['xfield']] );
						
						if($xfieldsdata[$mystatus_cfg['xfield']] == "canceledended") {
							$statusname = $mystatus_cfg['closed'];
						} elseif($xfieldsdata[$mystatus_cfg['xfield']] == "returningseries") {
							$statusname = $mystatus_cfg['onair'];
						} elseif($xfieldsdata[$mystatus_cfg['xfield']] == "tbdothebubble") {
							$statusname = $mystatus_cfg['tbd'];
						} elseif($xfieldsdata[$mystatus_cfg['xfield']] == "onhiatus") {
							$statusname = $mystatus_cfg['pause'];
						} elseif($mystatus_cfg['pilots'] && $xfieldsdata[$mystatus_cfg['xfield']] == "pilotordered") {
							$statusname = $mystatus_cfg['pilot'];
						} elseif($mystatus_cfg['news'] && $xfieldsdata[$mystatus_cfg['xfield']] == "newseries") {
							$statusname = $mystatus_cfg['new'];
						} else {
							$statusname = $mystatus_cfg['none'];
						}
						
						$tpl->set( '{statuss}', $xfieldsdata[$mystatus_cfg['xfield']] );
						$tpl->set( '{status}', $statusname );]]></replacecode>
			<searchcount>1</searchcount>
		</operation>
	</file>
	<file name="engine/modules/show.short.php">
		<operation action="before">
			<searchcode><![CDATA[		$tpl->compile( 'content' );

	}]]></searchcode>
			<replacecode><![CDATA[						include ENGINE_DIR . "/data/mystatus.php";
						$xfieldsdata = xfieldsdataload( $row['xfields'] );

						$tpl->set("{myshows}", $row['myshowsid']);
						
						//Определяем статус и выводим его
						$xfieldsdata[$mystatus_cfg['xfield']] = trim( $xfieldsdata[$mystatus_cfg['xfield']] );
						
						if($xfieldsdata[$mystatus_cfg['xfield']] == "canceledended") {
							$statusname = $mystatus_cfg['closed'];
						} elseif($xfieldsdata[$mystatus_cfg['xfield']] == "returningseries") {
							$statusname = $mystatus_cfg['onair'];
						} elseif($xfieldsdata[$mystatus_cfg['xfield']] == "tbdothebubble") {
							$statusname = $mystatus_cfg['tbd'];
						} elseif($xfieldsdata[$mystatus_cfg['xfield']] == "onhiatus") {
							$statusname = $mystatus_cfg['pause'];
						} elseif($mystatus_cfg['pilots'] && $xfieldsdata[$mystatus_cfg['xfield']] == "pilotordered") {
							$statusname = $mystatus_cfg['pilot'];
						} elseif($mystatus_cfg['news'] && $xfieldsdata[$mystatus_cfg['xfield']] == "newseries") {
							$statusname = $mystatus_cfg['new'];
						} else {
							$statusname = $mystatus_cfg['none'];
						}
						
						$tpl->set( '{statuss}', $xfieldsdata[$mystatus_cfg['xfield']] );
						$tpl->set( '{status}', $statusname );]]></replacecode>
			<searchcount>1</searchcount>
		</operation>
	</file>
	<file name="engine/modules/show.custom.php">
		<operation action="before">
			<searchcode><![CDATA[		$tpl->compile( 'content' );

	}]]></searchcode>
			<replacecode><![CDATA[						include ENGINE_DIR . "/data/mystatus.php";
						$xfieldsdata = xfieldsdataload( $row['xfields'] );

						$tpl->set("{myshows}", $row['myshowsid']);
						
						//Определяем статус и выводим его
						$xfieldsdata[$mystatus_cfg['xfield']] = trim( $xfieldsdata[$mystatus_cfg['xfield']] );
						
						if($xfieldsdata[$mystatus_cfg['xfield']] == "canceledended") {
							$statusname = $mystatus_cfg['closed'];
						} elseif($xfieldsdata[$mystatus_cfg['xfield']] == "returningseries") {
							$statusname = $mystatus_cfg['onair'];
						} elseif($xfieldsdata[$mystatus_cfg['xfield']] == "tbdothebubble") {
							$statusname = $mystatus_cfg['tbd'];
						} elseif($xfieldsdata[$mystatus_cfg['xfield']] == "onhiatus") {
							$statusname = $mystatus_cfg['pause'];
						} elseif($mystatus_cfg['pilots'] && $xfieldsdata[$mystatus_cfg['xfield']] == "pilotordered") {
							$statusname = $mystatus_cfg['pilot'];
						} elseif($mystatus_cfg['news'] && $xfieldsdata[$mystatus_cfg['xfield']] == "newseries") {
							$statusname = $mystatus_cfg['new'];
						} else {
							$statusname = $mystatus_cfg['none'];
						}
						
						$tpl->set( '{statuss}', $xfieldsdata[$mystatus_cfg['xfield']] );
						$tpl->set( '{status}', $statusname );]]></replacecode>
			<searchcount>1</searchcount>
		</operation>
	</file>
</dleplugin>